appleton23	0	1	1
appleton23	0	3	1
appleton23	0	6	1
appleton23	0	11	11
appleton23	0	15	8
appleton23	0	19	1
appleton23	0	24	8
appleton23	0	27	8
appleton23	0	32	1
appleton23	0	41	16
appleton23	0	41	8
appleton23	0	49	2
appleton23	0	49	16
appleton23	0	49	1
appleton23	0	54	8
appleton23	0	58	2
appleton23	0	64	6
appleton23	0	66	16
appleton23	0	73	8
appleton23	0	91	6
appleton23	0	92	10
appleton23	0	104	10
appleton23	0	107	1
appleton23	0	108	8
appleton23	0	117	10
appleton23	0	124	1
appleton23	0	131	10
appleton23	0	143	49
appleton23	0	144	10
appleton23	0	144	1
appleton23	0	149	39
appleton23	0	157	10
appleton23	0	159	49
appleton23	0	161	49
appleton24	1	1	3
appleton24	1	3	3
koeien	2	1	2
koeien	2	1	1
koeien	2	3	1
koeien	2	4	2
koeien	2	5	1
koeien	2	6	2
koeien	2	18	1
koeien	2	19	2
koeien	2	31	1
koeien	2	34	2
koeien	2	35	1
koeien	2	48	2
koeien	2	48	1
koeien	2	61	1
koeien	2	61	2
koeien	2	70	2
koeien	2	81	1
koeien	2	88	2
koeien	2	94	1
koeien	2	107	1
koeien	2	120	1
koeien	2	124	2
koeien	2	133	1
koeien	2	157	2
koeien	2	157	1
koeien	2	170	2
koeien	2	170	1
koeien	2	183	1
koeien	2	183	2
koeien	2	196	1
koeien	2	197	2
koeien	2	209	1
koeien	2	213	2
koeien	2	221	2
koeien	2	222	1
koeien	2	234	2
koeien	2	235	1
koeien	2	248	1
koeien	2	249	2
koeien	2	261	1
koeien	2	263	2
koeien	2	268	2
koeien	2	274	1
koeien	2	281	2
koeien	2	287	1
koeien	2	294	2
koeien	2	303	1
koeien	2	307	2
koeien	2	320	1
koeien	2	320	2
montbeliardes	3	1	2
montbeliardes	3	2	1
montbeliardes	3	3	2
montbeliardes	3	4	1
montbeliardes	3	5	3
montbeliardes	3	16	6
montbeliardes	3	16	2
montbeliardes	3	33	15
montbeliardes	3	36	15
montbeliardes	3	37	10
montbeliardes	3	43	10
montbeliardes	3	44	17
montbeliardes	3	44	15
montbeliardes	3	51	10
montbeliardes	3	54	15
montbeliardes	3	59	17
montbeliardes	3	62	26
montbeliardes	3	64	20
rade_c02	4	58	2
rade_c02	4	63	2
rade_c02	4	69	2
rade_c05	7	105	1
rade_g01	8	56	1
rade_g01	8	56	2
rade_g03	10	1	1
rade_g03	10	3	1
rade_g03	10	5	1
rade_g03	10	14	1
rade_g03	10	18	1
rade_g03	10	53	3
rade_g03	10	55	3
rade_g03	10	59	3
rade_g04	11	3	1
rade_g04	11	13	1
rade_g04	11	18	1
rade_g04	11	44	5
rade_g04	11	51	5
rade_g05	12	29	1
rade_g05	12	31	1
rade_g05	12	40	1
rade_g05	12	66	2
rade_g05	12	68	2
rade_g05	12	83	2
rade_g05	12	96	2
rade_g05	12	113	2
rade_g06	13	7	1
rade_g06	13	37	4
rade_g07	14	64	1
rade_g07	14	117	8
rade_g07	14	148	8
rade_g07	14	153	8
rockhill20	15	1	2
rockhill20	15	1	1
rockhill20	15	4	2
rockhill20	15	4	1
rockhill20	15	19	2
rockhill20	15	19	1
rockhill20	15	45	2
rockhill20	15	45	1
rockhill20	15	63	1
rockhill20	15	63	2
rockhill20	15	76	1
rockhill21	16	1	2
rockhill21	16	1	1
rockhill21	16	3	2
rockhill21	16	3	1
rockhill21	16	5	2
rockhill21	16	5	1
rockhill21	16	18	1
rockhill21	16	18	2
rockhill21	16	31	1
rockhill21	16	31	2
rockhill21	16	44	1
rockhill21	16	44	2
rockhill21	16	57	1
rockhill21	16	57	2
rockhill21	16	70	1
rockhill21	16	70	2
rockhill21	16	83	1
rockhill21	16	83	2
rockhill21	16	96	1
rockhill21	16	96	2
rockhill21	16	109	1
rockhill21	16	109	2
rockhill21	16	122	1
rockhill21	16	122	2
rockhill22	17	1	1
rockhill22	17	3	1
rockhill22	17	5	1
rockhill22	17	18	1
rockhill22	17	31	1
rockhill22	17	44	1
rockhill22	17	57	1
rockhill22	17	70	1
rockhill22	17	83	1
rockhill22	17	96	1
rockhill22	17	109	1
rockhill22	17	122	1
rockhill22	17	135	1
rockhill22	17	148	1
rockhill22	17	161	1
rockhill22	17	174	1
rockhill22	17	187	1
rockhill22	17	200	1
rockhill22	17	213	1
rockhill22	17	226	1
rockhill22	17	239	1
rockhill23	18	24	2
rockhill23	18	24	1
rockhill23	18	26	2
rockhill23	18	26	1
rockhill23	18	28	2
rockhill23	18	28	1
rockhill23	18	41	2
rockhill23	18	41	1
rockhill23	18	54	1
rockhill23	18	54	2
rockhill23	18	67	1
rockhill23	18	67	2
rockhill23	18	80	1
rockhill23	18	80	2
rockhill23	18	93	1
rockhill23	18	93	2
rockhill23	18	106	2
rockhill23	18	106	1
rockhill23	18	119	1
rockhill23	18	119	2
rockhill23	18	132	2
rockhill23	18	132	1
rockhill23	18	145	2
rockhill23	18	145	1
rockhill23	18	158	2
rockhill23	18	158	1
rockhill23	18	171	2
rockhill23	18	171	1
rockhill23	18	184	2
rockhill23	18	184	1
rockhill23	18	197	2
rockhill23	18	197	1
rockhill23	18	209	1
rockhill23	18	210	2
rockhill23	18	237	1
rockhill23	18	237	2
rockhill23	18	250	1
rockhill23	18	250	2
rockhill24	19	1	1
rockhill24	19	1	2
rockhill24	19	3	1
rockhill24	19	3	2
rockhill24	19	5	2
rockhill24	19	5	1
rockhill24	19	18	2
rockhill24	19	18	1
rockhill24	19	31	2
rockhill24	19	31	1
rockhill24	19	44	2
rockhill24	19	44	1
rockhill24	19	57	1
rockhill24	19	70	1
rockhill24	19	85	1
rockhill24	19	100	2
rockhill24	19	100	1
rockhill25	20	49	5
wilthen	21	1	1
wilthen	21	1	2
wilthen	21	3	1
wilthen	21	3	2
wilthen	21	5	1
wilthen	21	5	2
wilthen	21	17	3
wilthen	21	18	1
wilthen	21	18	2
wilthen	21	20	3
wilthen	21	22	3
wilthen	21	26	3
wilthen	21	27	2
wilthen	21	31	1
wilthen	21	40	2
wilthen	21	44	1
wilthen	21	53	2
wilthen	21	57	1
wilthen	21	66	2
wilthen	21	70	1
wilthen	21	70	2
wilthen	21	76	9
wilthen	21	81	1
wilthen	21	83	9
wilthen	21	85	9
